protocol,heldout_group,model_name,site_id,site_name,site_family,region,date_period,test_date,observed_liquefaction,predicted_pf,status,selected_model
fixed_family_holdout_SODO_UW,SODO_UW,M0_static_stationary,SODO_01,SODO-01,SODO,industrial_waterway,pre_event,1995-01-17,1,0.8674114002334676,ok,
fixed_family_holdout_SODO_UW,SODO_UW,M0_static_stationary,SODO_02,SODO-02,SODO,industrial_waterway,pre_event,1992-02-24,1,0.6341289023767129,ok,
fixed_family_holdout_SODO_UW,SODO_UW,M0_static_stationary,SODO_03,SODO-03,SODO,industrial_waterway,pre_event,1987-07-27,1,0.6252798892518805,ok,
fixed_family_holdout_SODO_UW,SODO_UW,M0_static_stationary,SODO_04,SODO-04,SODO,industrial_waterway,post_event,2003-03-24,1,0.6163463387379681,ok,
fixed_family_holdout_SODO_UW,SODO_UW,M0_static_stationary,UW_01,UW-01,UW,north_seattle,pre_event,1996-02-28,0,0.10845592195146073,ok,
fixed_family_holdout_SODO_UW,SODO_UW,M0_static_stationary,UW_02,UW-02,UW,north_seattle,pre_event,1996-02-29,0,0.10845592195146073,ok,
fixed_family_holdout_SODO_UW,SODO_UW,M0_static_stationary,UW_03,UW-03,UW,north_seattle,pre_event,1996-02-09,0,0.1013318202378062,ok,
fixed_family_holdout_SODO_UW,SODO_UW,M0_static_stationary,UW_04,UW-04,UW,north_seattle,pre_event,1996-02-12,0,0.097927758307666,ok,
fixed_family_holdout_SODO_UW,SODO_UW,M1_groundwater,SODO_01,SODO-01,SODO,industrial_waterway,pre_event,1995-01-17,1,0.8446442697264743,ok,
fixed_family_holdout_SODO_UW,SODO_UW,M1_groundwater,SODO_02,SODO-02,SODO,industrial_waterway,pre_event,1992-02-24,1,0.6403073116720435,ok,
fixed_family_holdout_SODO_UW,SODO_UW,M1_groundwater,SODO_03,SODO-03,SODO,industrial_waterway,pre_event,1987-07-27,1,0.6050618227282916,ok,
fixed_family_holdout_SODO_UW,SODO_UW,M1_groundwater,SODO_04,SODO-04,SODO,industrial_waterway,post_event,2003-03-24,1,0.6716582828626463,ok,
fixed_family_holdout_SODO_UW,SODO_UW,M1_groundwater,UW_01,UW-01,UW,north_seattle,pre_event,1996-02-28,0,0.14914712506151762,ok,
fixed_family_holdout_SODO_UW,SODO_UW,M1_groundwater,UW_02,UW-02,UW,north_seattle,pre_event,1996-02-29,0,0.14914712506151762,ok,
fixed_family_holdout_SODO_UW,SODO_UW,M1_groundwater,UW_03,UW-03,UW,north_seattle,pre_event,1996-02-09,0,0.10654731887307983,ok,
fixed_family_holdout_SODO_UW,SODO_UW,M1_groundwater,UW_04,UW-04,UW,north_seattle,pre_event,1996-02-12,0,0.1030984654325745,ok,
fixed_family_holdout_SODO_UW,SODO_UW,M2_groundwater_gradation,SODO_01,SODO-01,SODO,industrial_waterway,pre_event,1995-01-17,1,0.5821745217086376,ok,
fixed_family_holdout_SODO_UW,SODO_UW,M2_groundwater_gradation,SODO_02,SODO-02,SODO,industrial_waterway,pre_event,1992-02-24,1,0.8702046978705364,ok,
fixed_family_holdout_SODO_UW,SODO_UW,M2_groundwater_gradation,SODO_03,SODO-03,SODO,industrial_waterway,pre_event,1987-07-27,1,0.3863713825093943,ok,
fixed_family_holdout_SODO_UW,SODO_UW,M2_groundwater_gradation,SODO_04,SODO-04,SODO,industrial_waterway,post_event,2003-03-24,1,0.7429001147447986,ok,
fixed_family_holdout_SODO_UW,SODO_UW,M2_groundwater_gradation,UW_01,UW-01,UW,north_seattle,pre_event,1996-02-28,0,0.06561709103045565,ok,
fixed_family_holdout_SODO_UW,SODO_UW,M2_groundwater_gradation,UW_02,UW-02,UW,north_seattle,pre_event,1996-02-29,0,0.11540123851533798,ok,
fixed_family_holdout_SODO_UW,SODO_UW,M2_groundwater_gradation,UW_03,UW-03,UW,north_seattle,pre_event,1996-02-09,0,0.03782113327605755,ok,
fixed_family_holdout_SODO_UW,SODO_UW,M2_groundwater_gradation,UW_04,UW-04,UW,north_seattle,pre_event,1996-02-12,0,0.010334368649342224,ok,
fixed_family_holdout_SODO_UW,SODO_UW,M3_random_field,SODO_01,SODO-01,SODO,industrial_waterway,pre_event,1995-01-17,1,0.5494440524239113,ok,
fixed_family_holdout_SODO_UW,SODO_UW,M3_random_field,SODO_02,SODO-02,SODO,industrial_waterway,pre_event,1992-02-24,1,0.7831626659613734,ok,
fixed_family_holdout_SODO_UW,SODO_UW,M3_random_field,SODO_03,SODO-03,SODO,industrial_waterway,pre_event,1987-07-27,1,0.38408720179976125,ok,
fixed_family_holdout_SODO_UW,SODO_UW,M3_random_field,SODO_04,SODO-04,SODO,industrial_waterway,post_event,2003-03-24,1,0.776286556582786,ok,
fixed_family_holdout_SODO_UW,SODO_UW,M3_random_field,UW_01,UW-01,UW,north_seattle,pre_event,1996-02-28,0,0.10536771000486546,ok,
fixed_family_holdout_SODO_UW,SODO_UW,M3_random_field,UW_02,UW-02,UW,north_seattle,pre_event,1996-02-29,0,0.14916244468986092,ok,
fixed_family_holdout_SODO_UW,SODO_UW,M3_random_field,UW_03,UW-03,UW,north_seattle,pre_event,1996-02-09,0,0.050345045308266924,ok,
fixed_family_holdout_SODO_UW,SODO_UW,M3_random_field,UW_04,UW-04,UW,north_seattle,pre_event,1996-02-12,0,0.011556844078548111,ok,
leave_one_family_out,Capitol Lake,M0_static_stationary,Capitol_Lake_01,Capitol Lake-01,Capitol Lake,south_sound_or_green_river,pre_event,1995-12-18,1,0.8810301376959456,ok,
leave_one_family_out,Capitol Lake,M0_static_stationary,Capitol_Lake_02,Capitol Lake-02,Capitol Lake,south_sound_or_green_river,pre_event,1995-12-18,1,0.8596815860615661,ok,
leave_one_family_out,Capitol Lake,M1_groundwater,Capitol_Lake_01,Capitol Lake-01,Capitol Lake,south_sound_or_green_river,pre_event,1995-12-18,1,0.8936777865166663,ok,
leave_one_family_out,Capitol Lake,M1_groundwater,Capitol_Lake_02,Capitol Lake-02,Capitol Lake,south_sound_or_green_river,pre_event,1995-12-18,1,0.8671815243449447,ok,
leave_one_family_out,Capitol Lake,M2_groundwater_gradation,Capitol_Lake_01,Capitol Lake-01,Capitol Lake,south_sound_or_green_river,pre_event,1995-12-18,1,0.9171149885601029,ok,
leave_one_family_out,Capitol Lake,M2_groundwater_gradation,Capitol_Lake_02,Capitol Lake-02,Capitol Lake,south_sound_or_green_river,pre_event,1995-12-18,1,0.9087852318030551,ok,
leave_one_family_out,Capitol Lake,M3_random_field,Capitol_Lake_01,Capitol Lake-01,Capitol Lake,south_sound_or_green_river,pre_event,1995-12-18,1,0.9148877404306456,ok,
leave_one_family_out,Capitol Lake,M3_random_field,Capitol_Lake_02,Capitol Lake-02,Capitol Lake,south_sound_or_green_river,pre_event,1995-12-18,1,0.9177997672512584,ok,
leave_one_family_out,SODO,M0_static_stationary,SODO_01,SODO-01,SODO,industrial_waterway,pre_event,1995-01-17,1,0.8914748280476195,ok,
leave_one_family_out,SODO,M0_static_stationary,SODO_02,SODO-02,SODO,industrial_waterway,pre_event,1992-02-24,1,0.6382637731997349,ok,
leave_one_family_out,SODO,M0_static_stationary,SODO_03,SODO-03,SODO,industrial_waterway,pre_event,1987-07-27,1,0.6280573503973508,ok,
leave_one_family_out,SODO,M0_static_stationary,SODO_04,SODO-04,SODO,industrial_waterway,post_event,2003-03-24,1,0.6177354245283571,ok,
leave_one_family_out,SODO,M1_groundwater,SODO_01,SODO-01,SODO,industrial_waterway,pre_event,1995-01-17,1,0.8844624919630665,ok,
leave_one_family_out,SODO,M1_groundwater,SODO_02,SODO-02,SODO,industrial_waterway,pre_event,1992-02-24,1,0.6403275853591399,ok,
leave_one_family_out,SODO,M1_groundwater,SODO_03,SODO-03,SODO,industrial_waterway,pre_event,1987-07-27,1,0.6192863765287292,ok,
leave_one_family_out,SODO,M1_groundwater,SODO_04,SODO-04,SODO,industrial_waterway,post_event,2003-03-24,1,0.6403328280015773,ok,
leave_one_family_out,SODO,M2_groundwater_gradation,SODO_01,SODO-01,SODO,industrial_waterway,pre_event,1995-01-17,1,0.6318389714116152,ok,
leave_one_family_out,SODO,M2_groundwater_gradation,SODO_02,SODO-02,SODO,industrial_waterway,pre_event,1992-02-24,1,0.8787556828166048,ok,
leave_one_family_out,SODO,M2_groundwater_gradation,SODO_03,SODO-03,SODO,industrial_waterway,pre_event,1987-07-27,1,0.3925761235275525,ok,
leave_one_family_out,SODO,M2_groundwater_gradation,SODO_04,SODO-04,SODO,industrial_waterway,post_event,2003-03-24,1,0.7254470916235367,ok,
leave_one_family_out,SODO,M3_random_field,SODO_01,SODO-01,SODO,industrial_waterway,pre_event,1995-01-17,1,0.6203619547333042,ok,
leave_one_family_out,SODO,M3_random_field,SODO_02,SODO-02,SODO,industrial_waterway,pre_event,1992-02-24,1,0.8353156940546348,ok,
leave_one_family_out,SODO,M3_random_field,SODO_03,SODO-03,SODO,industrial_waterway,pre_event,1987-07-27,1,0.39087661173319393,ok,
leave_one_family_out,SODO,M3_random_field,SODO_04,SODO-04,SODO,industrial_waterway,post_event,2003-03-24,1,0.7418345488344396,ok,
leave_one_family_out,Harbor Island,M0_static_stationary,Harbor_Island_01,Harbor Island-01,Harbor Island,industrial_waterway,pre_event,1999-03-09,1,0.4472517024238813,ok,
leave_one_family_out,Harbor Island,M0_static_stationary,Harbor_Island_02,Harbor Island-02,Harbor Island,industrial_waterway,pre_event,1997-07-19,1,0.4924984231900453,ok,
leave_one_family_out,Harbor Island,M1_groundwater,Harbor_Island_01,Harbor Island-01,Harbor Island,industrial_waterway,pre_event,1999-03-09,1,0.3685121568240526,ok,
leave_one_family_out,Harbor Island,M1_groundwater,Harbor_Island_02,Harbor Island-02,Harbor Island,industrial_waterway,pre_event,1997-07-19,1,0.47071089840734204,ok,
leave_one_family_out,Harbor Island,M2_groundwater_gradation,Harbor_Island_01,Harbor Island-01,Harbor Island,industrial_waterway,pre_event,1999-03-09,1,0.9215819116848701,ok,
leave_one_family_out,Harbor Island,M2_groundwater_gradation,Harbor_Island_02,Harbor Island-02,Harbor Island,industrial_waterway,pre_event,1997-07-19,1,0.9640181155892624,ok,
leave_one_family_out,Harbor Island,M3_random_field,Harbor_Island_01,Harbor Island-01,Harbor Island,industrial_waterway,pre_event,1999-03-09,1,0.9225257136100232,ok,
leave_one_family_out,Harbor Island,M3_random_field,Harbor_Island_02,Harbor Island-02,Harbor Island,industrial_waterway,pre_event,1997-07-19,1,0.9596462554769758,ok,
leave_one_family_out,Boeing Field,M0_static_stationary,Boeing_Field_01,Boeing Field-01,Boeing Field,industrial_waterway,pre_event,2000-03-31,1,0.7359199540349763,ok,
leave_one_family_out,Boeing Field,M1_groundwater,Boeing_Field_01,Boeing Field-01,Boeing Field,industrial_waterway,pre_event,2000-03-31,1,0.7391709074719124,ok,
leave_one_family_out,Boeing Field,M2_groundwater_gradation,Boeing_Field_01,Boeing Field-01,Boeing Field,industrial_waterway,pre_event,2000-03-31,1,0.7167660494380677,ok,
leave_one_family_out,Boeing Field,M3_random_field,Boeing_Field_01,Boeing Field-01,Boeing Field,industrial_waterway,pre_event,2000-03-31,1,0.7192703185804551,ok,
leave_one_family_out,Duwamish,M0_static_stationary,Duwamish_01,Duwamish-01,Duwamish,industrial_waterway,pre_event,1990-05-06,0,0.7382050245059781,ok,
leave_one_family_out,Duwamish,M1_groundwater,Duwamish_01,Duwamish-01,Duwamish,industrial_waterway,pre_event,1990-05-06,0,0.739812103081089,ok,
leave_one_family_out,Duwamish,M2_groundwater_gradation,Duwamish_01,Duwamish-01,Duwamish,industrial_waterway,pre_event,1990-05-06,0,0.4310033408879197,ok,
leave_one_family_out,Duwamish,M3_random_field,Duwamish_01,Duwamish-01,Duwamish,industrial_waterway,pre_event,1990-05-06,0,0.5906190023523823,ok,
leave_one_family_out,Discovery Park,M0_static_stationary,Discovery_Park_01,Discovery Park-01,Discovery Park,north_seattle,pre_event,1989-01-10,0,0.010236388335157639,ok,
leave_one_family_out,Discovery Park,M1_groundwater,Discovery_Park_01,Discovery Park-01,Discovery Park,north_seattle,pre_event,1989-01-10,0,0.00854978697291517,ok,
leave_one_family_out,Discovery Park,M2_groundwater_gradation,Discovery_Park_01,Discovery Park-01,Discovery Park,north_seattle,pre_event,1989-01-10,0,0.00993822880892196,ok,
leave_one_family_out,Discovery Park,M3_random_field,Discovery_Park_01,Discovery Park-01,Discovery Park,north_seattle,pre_event,1989-01-10,0,0.00949344927812366,ok,
leave_one_family_out,Elliott Ave,M0_static_stationary,Elliott_Ave_01,Elliott Ave-01,Elliott Ave,north_seattle,pre_event,1997-08-13,0,0.17367540509672302,ok,
leave_one_family_out,Elliott Ave,M1_groundwater,Elliott_Ave_01,Elliott Ave-01,Elliott Ave,north_seattle,pre_event,1997-08-13,0,0.18620326867876974,ok,
leave_one_family_out,Elliott Ave,M2_groundwater_gradation,Elliott_Ave_01,Elliott Ave-01,Elliott Ave,north_seattle,pre_event,1997-08-13,0,0.2389936905444578,ok,
leave_one_family_out,Elliott Ave,M3_random_field,Elliott_Ave_01,Elliott Ave-01,Elliott Ave,north_seattle,pre_event,1997-08-13,0,0.2478107777114203,ok,
leave_one_family_out,Smith Cove,M0_static_stationary,Smith_Cove_01,Smith Cove-01,Smith Cove,north_seattle,pre_event,1997-11-14,0,0.0989192047650456,ok,
leave_one_family_out,Smith Cove,M0_static_stationary,Smith_Cove_02,Smith Cove-02,Smith Cove,north_seattle,pre_event,2000-02-11,0,0.1030363354390501,ok,
leave_one_family_out,Smith Cove,M1_groundwater,Smith_Cove_01,Smith Cove-01,Smith Cove,north_seattle,pre_event,1997-11-14,0,0.09528414900946222,ok,
leave_one_family_out,Smith Cove,M1_groundwater,Smith_Cove_02,Smith Cove-02,Smith Cove,north_seattle,pre_event,2000-02-11,0,0.09170235007577329,ok,
leave_one_family_out,Smith Cove,M2_groundwater_gradation,Smith_Cove_01,Smith Cove-01,Smith Cove,north_seattle,pre_event,1997-11-14,0,0.23260753908366374,ok,
leave_one_family_out,Smith Cove,M2_groundwater_gradation,Smith_Cove_02,Smith Cove-02,Smith Cove,north_seattle,pre_event,2000-02-11,0,0.02681835108693885,ok,
leave_one_family_out,Smith Cove,M3_random_field,Smith_Cove_01,Smith Cove-01,Smith Cove,north_seattle,pre_event,1997-11-14,0,0.2286271888729823,ok,
leave_one_family_out,Smith Cove,M3_random_field,Smith_Cove_02,Smith Cove-02,Smith Cove,north_seattle,pre_event,2000-02-11,0,0.026643478268008336,ok,
leave_one_family_out,Emerald Downs,M0_static_stationary,Emerald_Downs_01,Emerald Downs-01,Emerald Downs,south_sound_or_green_river,pre_event,1992-09-14,0,0.314854644352022,ok,
leave_one_family_out,Emerald Downs,M1_groundwater,Emerald_Downs_01,Emerald Downs-01,Emerald Downs,south_sound_or_green_river,pre_event,1992-09-14,0,0.39073691739255295,ok,
leave_one_family_out,Emerald Downs,M2_groundwater_gradation,Emerald_Downs_01,Emerald Downs-01,Emerald Downs,south_sound_or_green_river,pre_event,1992-09-14,0,0.17378972124766856,ok,
leave_one_family_out,Emerald Downs,M3_random_field,Emerald_Downs_01,Emerald Downs-01,Emerald Downs,south_sound_or_green_river,pre_event,1992-09-14,0,0.17127939257569844,ok,
leave_one_family_out,Bush School,M0_static_stationary,Bush_School_01,Bush School-01,Bush School,eastside,post_event,2002-06-11,0,0.06277827921388096,ok,
leave_one_family_out,Bush School,M1_groundwater,Bush_School_01,Bush School-01,Bush School,eastside,post_event,2002-06-11,0,0.05845499962211594,ok,
leave_one_family_out,Bush School,M2_groundwater_gradation,Bush_School_01,Bush School-01,Bush School,eastside,post_event,2002-06-11,0,0.049126571858351786,ok,
leave_one_family_out,Bush School,M3_random_field,Bush_School_01,Bush School-01,Bush School,eastside,post_event,2002-06-11,0,0.04948083897246429,ok,
leave_one_family_out,Factoria,M0_static_stationary,Factoria_01,Factoria-01,Factoria,eastside,pre_event,1979-02-08,0,0.026991559397737896,ok,
leave_one_family_out,Factoria,M1_groundwater,Factoria_01,Factoria-01,Factoria,eastside,pre_event,1979-02-08,0,0.030512118324197743,ok,
leave_one_family_out,Factoria,M2_groundwater_gradation,Factoria_01,Factoria-01,Factoria,eastside,pre_event,1979-02-08,0,0.02042977696675729,ok,
leave_one_family_out,Factoria,M3_random_field,Factoria_01,Factoria-01,Factoria,eastside,pre_event,1979-02-08,0,0.018582836016610496,ok,
leave_one_family_out,UW,M0_static_stationary,UW_01,UW-01,UW,north_seattle,pre_event,1996-02-28,0,0.12797301124379315,ok,
leave_one_family_out,UW,M0_static_stationary,UW_02,UW-02,UW,north_seattle,pre_event,1996-02-29,0,0.12797301124379315,ok,
leave_one_family_out,UW,M0_static_stationary,UW_03,UW-03,UW,north_seattle,pre_event,1996-02-09,0,0.1187495680223656,ok,
leave_one_family_out,UW,M0_static_stationary,UW_04,UW-04,UW,north_seattle,pre_event,1996-02-12,0,0.1143571755116566,ok,
leave_one_family_out,UW,M1_groundwater,UW_01,UW-01,UW,north_seattle,pre_event,1996-02-28,0,0.1866091878134023,ok,
leave_one_family_out,UW,M1_groundwater,UW_02,UW-02,UW,north_seattle,pre_event,1996-02-29,0,0.1866091878134023,ok,
leave_one_family_out,UW,M1_groundwater,UW_03,UW-03,UW,north_seattle,pre_event,1996-02-09,0,0.12464923411908962,ok,
leave_one_family_out,UW,M1_groundwater,UW_04,UW-04,UW,north_seattle,pre_event,1996-02-12,0,0.12018699107120089,ok,
leave_one_family_out,UW,M2_groundwater_gradation,UW_01,UW-01,UW,north_seattle,pre_event,1996-02-28,0,0.07146522637919961,ok,
leave_one_family_out,UW,M2_groundwater_gradation,UW_02,UW-02,UW,north_seattle,pre_event,1996-02-29,0,0.11711422386946216,ok,
leave_one_family_out,UW,M2_groundwater_gradation,UW_03,UW-03,UW,north_seattle,pre_event,1996-02-09,0,0.04497766860605697,ok,
leave_one_family_out,UW,M2_groundwater_gradation,UW_04,UW-04,UW,north_seattle,pre_event,1996-02-12,0,0.011770133207550026,ok,
leave_one_family_out,UW,M3_random_field,UW_01,UW-01,UW,north_seattle,pre_event,1996-02-28,0,0.09796960798442814,ok,
leave_one_family_out,UW,M3_random_field,UW_02,UW-02,UW,north_seattle,pre_event,1996-02-29,0,0.14117093860060778,ok,
leave_one_family_out,UW,M3_random_field,UW_03,UW-03,UW,north_seattle,pre_event,1996-02-09,0,0.055452224210298974,ok,
leave_one_family_out,UW,M3_random_field,UW_04,UW-04,UW,north_seattle,pre_event,1996-02-12,0,0.013224491815866879,ok,
leave_one_family_out,Issaquah,M0_static_stationary,Issaquah_01,Issaquah-01,Issaquah,eastside,pre_event,1992-10-13,0,0.08312443943942882,ok,
leave_one_family_out,Issaquah,M1_groundwater,Issaquah_01,Issaquah-01,Issaquah,eastside,pre_event,1992-10-13,0,0.08290501294679611,ok,
leave_one_family_out,Issaquah,M2_groundwater_gradation,Issaquah_01,Issaquah-01,Issaquah,eastside,pre_event,1992-10-13,0,0.1129385341530235,ok,
leave_one_family_out,Issaquah,M3_random_field,Issaquah_01,Issaquah-01,Issaquah,eastside,pre_event,1992-10-13,0,0.12984562278832742,ok,
leave_one_family_out,Blair Waterway,M0_static_stationary,Blair_Waterway_01,Blair Waterway-01,Blair Waterway,south_sound_or_green_river,pre_event,1981-02-09,0,0.029915671561786195,ok,
leave_one_family_out,Blair Waterway,M1_groundwater,Blair_Waterway_01,Blair Waterway-01,Blair Waterway,south_sound_or_green_river,pre_event,1981-02-09,0,0.027863588327978354,ok,
leave_one_family_out,Blair Waterway,M2_groundwater_gradation,Blair_Waterway_01,Blair Waterway-01,Blair Waterway,south_sound_or_green_river,pre_event,1981-02-09,0,0.0068815026761963214,ok,
leave_one_family_out,Blair Waterway,M3_random_field,Blair_Waterway_01,Blair Waterway-01,Blair Waterway,south_sound_or_green_river,pre_event,1981-02-09,0,0.006300461558424875,ok,
leave_one_family_out,Green River,M0_static_stationary,Green_River_01,Green River-01,Green River,south_sound_or_green_river,pre_event,1978-11-01,0,0.40603700974461593,ok,
leave_one_family_out,Green River,M1_groundwater,Green_River_01,Green River-01,Green River,south_sound_or_green_river,pre_event,1978-11-01,0,0.5361177447404835,ok,
leave_one_family_out,Green River,M2_groundwater_gradation,Green_River_01,Green River-01,Green River,south_sound_or_green_river,pre_event,1978-11-01,0,0.20048988356672107,ok,
leave_one_family_out,Green River,M3_random_field,Green_River_01,Green River-01,Green River,south_sound_or_green_river,pre_event,1978-11-01,0,0.22866366702779015,ok,
leave_one_region_out,south_sound_or_green_river,M0_static_stationary,Capitol_Lake_01,Capitol Lake-01,Capitol Lake,south_sound_or_green_river,pre_event,1995-12-18,1,0.8945590349682967,ok,
leave_one_region_out,south_sound_or_green_river,M0_static_stationary,Capitol_Lake_02,Capitol Lake-02,Capitol Lake,south_sound_or_green_river,pre_event,1995-12-18,1,0.8764609462952583,ok,
leave_one_region_out,south_sound_or_green_river,M0_static_stationary,Emerald_Downs_01,Emerald Downs-01,Emerald Downs,south_sound_or_green_river,pre_event,1992-09-14,0,0.3365678440656155,ok,
leave_one_region_out,south_sound_or_green_river,M0_static_stationary,Blair_Waterway_01,Blair Waterway-01,Blair Waterway,south_sound_or_green_river,pre_event,1981-02-09,0,0.04339557642417046,ok,
leave_one_region_out,south_sound_or_green_river,M0_static_stationary,Green_River_01,Green River-01,Green River,south_sound_or_green_river,pre_event,1978-11-01,0,0.4204473782297185,ok,
leave_one_region_out,south_sound_or_green_river,M1_groundwater,Capitol_Lake_01,Capitol Lake-01,Capitol Lake,south_sound_or_green_river,pre_event,1995-12-18,1,0.8649141347896904,ok,
leave_one_region_out,south_sound_or_green_river,M1_groundwater,Capitol_Lake_02,Capitol Lake-02,Capitol Lake,south_sound_or_green_river,pre_event,1995-12-18,1,0.8618968593898878,ok,
leave_one_region_out,south_sound_or_green_river,M1_groundwater,Emerald_Downs_01,Emerald Downs-01,Emerald Downs,south_sound_or_green_river,pre_event,1992-09-14,0,0.28963082655218214,ok,
leave_one_region_out,south_sound_or_green_river,M1_groundwater,Blair_Waterway_01,Blair Waterway-01,Blair Waterway,south_sound_or_green_river,pre_event,1981-02-09,0,0.04879141678608981,ok,
leave_one_region_out,south_sound_or_green_river,M1_groundwater,Green_River_01,Green River-01,Green River,south_sound_or_green_river,pre_event,1978-11-01,0,0.5405262481217864,ok,
leave_one_region_out,south_sound_or_green_river,M2_groundwater_gradation,Capitol_Lake_01,Capitol Lake-01,Capitol Lake,south_sound_or_green_river,pre_event,1995-12-18,1,0.8907930716193503,ok,
leave_one_region_out,south_sound_or_green_river,M2_groundwater_gradation,Capitol_Lake_02,Capitol Lake-02,Capitol Lake,south_sound_or_green_river,pre_event,1995-12-18,1,0.9015127712371699,ok,
leave_one_region_out,south_sound_or_green_river,M2_groundwater_gradation,Emerald_Downs_01,Emerald Downs-01,Emerald Downs,south_sound_or_green_river,pre_event,1992-09-14,0,0.13874092634580976,ok,
leave_one_region_out,south_sound_or_green_river,M2_groundwater_gradation,Blair_Waterway_01,Blair Waterway-01,Blair Waterway,south_sound_or_green_river,pre_event,1981-02-09,0,0.012135221798816353,ok,
leave_one_region_out,south_sound_or_green_river,M2_groundwater_gradation,Green_River_01,Green River-01,Green River,south_sound_or_green_river,pre_event,1978-11-01,0,0.23189469902682688,ok,
leave_one_region_out,south_sound_or_green_river,M3_random_field,Capitol_Lake_01,Capitol Lake-01,Capitol Lake,south_sound_or_green_river,pre_event,1995-12-18,1,0.8835183232476426,ok,
leave_one_region_out,south_sound_or_green_river,M3_random_field,Capitol_Lake_02,Capitol Lake-02,Capitol Lake,south_sound_or_green_river,pre_event,1995-12-18,1,0.9143602976171109,ok,
leave_one_region_out,south_sound_or_green_river,M3_random_field,Emerald_Downs_01,Emerald Downs-01,Emerald Downs,south_sound_or_green_river,pre_event,1992-09-14,0,0.13396382748262226,ok,
leave_one_region_out,south_sound_or_green_river,M3_random_field,Blair_Waterway_01,Blair Waterway-01,Blair Waterway,south_sound_or_green_river,pre_event,1981-02-09,0,0.011037799968995928,ok,
leave_one_region_out,south_sound_or_green_river,M3_random_field,Green_River_01,Green River-01,Green River,south_sound_or_green_river,pre_event,1978-11-01,0,0.2600826471569361,ok,
leave_one_region_out,industrial_waterway,M0_static_stationary,SODO_01,SODO-01,SODO,industrial_waterway,pre_event,1995-01-17,1,0.774591589571009,ok,
leave_one_region_out,industrial_waterway,M0_static_stationary,Harbor_Island_01,Harbor Island-01,Harbor Island,industrial_waterway,pre_event,1999-03-09,1,0.2669028696069915,ok,
leave_one_region_out,industrial_waterway,M0_static_stationary,Harbor_Island_02,Harbor Island-02,Harbor Island,industrial_waterway,pre_event,1997-07-19,1,0.300669714386969,ok,
leave_one_region_out,industrial_waterway,M0_static_stationary,SODO_02,SODO-02,SODO,industrial_waterway,pre_event,1992-02-24,1,0.4450846863669891,ok,
leave_one_region_out,industrial_waterway,M0_static_stationary,SODO_03,SODO-03,SODO,industrial_waterway,pre_event,1987-07-27,1,0.43484224388997883,ok,
leave_one_region_out,industrial_waterway,M0_static_stationary,SODO_04,SODO-04,SODO,industrial_waterway,post_event,2003-03-24,1,0.4246551299760222,ok,
leave_one_region_out,industrial_waterway,M0_static_stationary,Boeing_Field_01,Boeing Field-01,Boeing Field,industrial_waterway,pre_event,2000-03-31,1,0.4657015417598701,ok,
leave_one_region_out,industrial_waterway,M0_static_stationary,Duwamish_01,Duwamish-01,Duwamish,industrial_waterway,pre_event,1990-05-06,0,0.3748312868703791,ok,
leave_one_region_out,industrial_waterway,M1_groundwater,SODO_01,SODO-01,SODO,industrial_waterway,pre_event,1995-01-17,1,0.6587454789993944,ok,
leave_one_region_out,industrial_waterway,M1_groundwater,Harbor_Island_01,Harbor Island-01,Harbor Island,industrial_waterway,pre_event,1999-03-09,1,0.17608268558499818,ok,
leave_one_region_out,industrial_waterway,M1_groundwater,Harbor_Island_02,Harbor Island-02,Harbor Island,industrial_waterway,pre_event,1997-07-19,1,0.25168014251455695,ok,
leave_one_region_out,industrial_waterway,M1_groundwater,SODO_02,SODO-02,SODO,industrial_waterway,pre_event,1992-02-24,1,0.4022943342034425,ok,
leave_one_region_out,industrial_waterway,M1_groundwater,SODO_03,SODO-03,SODO,industrial_waterway,pre_event,1987-07-27,1,0.34365926978665895,ok,
leave_one_region_out,industrial_waterway,M1_groundwater,SODO_04,SODO-04,SODO,industrial_waterway,post_event,2003-03-24,1,0.48077938801436443,ok,
leave_one_region_out,industrial_waterway,M1_groundwater,Boeing_Field_01,Boeing Field-01,Boeing Field,industrial_waterway,pre_event,2000-03-31,1,0.4212748774833936,ok,
leave_one_region_out,industrial_waterway,M1_groundwater,Duwamish_01,Duwamish-01,Duwamish,industrial_waterway,pre_event,1990-05-06,0,0.32668873716288416,ok,
leave_one_region_out,industrial_waterway,M2_groundwater_gradation,SODO_01,SODO-01,SODO,industrial_waterway,pre_event,1995-01-17,1,0.4701265875106483,ok,
leave_one_region_out,industrial_waterway,M2_groundwater_gradation,Harbor_Island_01,Harbor Island-01,Harbor Island,industrial_waterway,pre_event,1999-03-09,1,0.6326219497397382,ok,
leave_one_region_out,industrial_waterway,M2_groundwater_gradation,Harbor_Island_02,Harbor Island-02,Harbor Island,industrial_waterway,pre_event,1997-07-19,1,0.7872673699996805,ok,
leave_one_region_out,industrial_waterway,M2_groundwater_gradation,SODO_02,SODO-02,SODO,industrial_waterway,pre_event,1992-02-24,1,0.7289274320041289,ok,
leave_one_region_out,industrial_waterway,M2_groundwater_gradation,SODO_03,SODO-03,SODO,industrial_waterway,pre_event,1987-07-27,1,0.2676406417184182,ok,
leave_one_region_out,industrial_waterway,M2_groundwater_gradation,SODO_04,SODO-04,SODO,industrial_waterway,post_event,2003-03-24,1,0.5859981019140036,ok,
leave_one_region_out,industrial_waterway,M2_groundwater_gradation,Boeing_Field_01,Boeing Field-01,Boeing Field,industrial_waterway,pre_event,2000-03-31,1,0.42621337394036113,ok,
leave_one_region_out,industrial_waterway,M2_groundwater_gradation,Duwamish_01,Duwamish-01,Duwamish,industrial_waterway,pre_event,1990-05-06,0,0.15668726064995958,ok,
leave_one_region_out,industrial_waterway,M3_random_field,SODO_01,SODO-01,SODO,industrial_waterway,pre_event,1995-01-17,1,0.4915559595274214,ok,
leave_one_region_out,industrial_waterway,M3_random_field,Harbor_Island_01,Harbor Island-01,Harbor Island,industrial_waterway,pre_event,1999-03-09,1,0.6525280823989843,ok,
leave_one_region_out,industrial_waterway,M3_random_field,Harbor_Island_02,Harbor Island-02,Harbor Island,industrial_waterway,pre_event,1997-07-19,1,0.8365873451078332,ok,
leave_one_region_out,industrial_waterway,M3_random_field,SODO_02,SODO-02,SODO,industrial_waterway,pre_event,1992-02-24,1,0.802035588719724,ok,
leave_one_region_out,industrial_waterway,M3_random_field,SODO_03,SODO-03,SODO,industrial_waterway,pre_event,1987-07-27,1,0.27893868335134553,ok,
leave_one_region_out,industrial_waterway,M3_random_field,SODO_04,SODO-04,SODO,industrial_waterway,post_event,2003-03-24,1,0.5775614328220494,ok,
leave_one_region_out,industrial_waterway,M3_random_field,Boeing_Field_01,Boeing Field-01,Boeing Field,industrial_waterway,pre_event,2000-03-31,1,0.416921800216822,ok,
leave_one_region_out,industrial_waterway,M3_random_field,Duwamish_01,Duwamish-01,Duwamish,industrial_waterway,pre_event,1990-05-06,0,0.20137653022494603,ok,
leave_one_region_out,north_seattle,M0_static_stationary,Discovery_Park_01,Discovery Park-01,Discovery Park,north_seattle,pre_event,1989-01-10,0,0.03381546324797584,ok,
leave_one_region_out,north_seattle,M0_static_stationary,Elliott_Ave_01,Elliott Ave-01,Elliott Ave,north_seattle,pre_event,1997-08-13,0,0.25755319315431435,ok,
leave_one_region_out,north_seattle,M0_static_stationary,Smith_Cove_01,Smith Cove-01,Smith Cove,north_seattle,pre_event,1997-11-14,0,0.16084878047517842,ok,
leave_one_region_out,north_seattle,M0_static_stationary,Smith_Cove_02,Smith Cove-02,Smith Cove,north_seattle,pre_event,2000-02-11,0,0.1662585129758367,ok,
leave_one_region_out,north_seattle,M0_static_stationary,UW_01,UW-01,UW,north_seattle,pre_event,1996-02-28,0,0.1718129358437397,ok,
leave_one_region_out,north_seattle,M0_static_stationary,UW_02,UW-02,UW,north_seattle,pre_event,1996-02-29,0,0.1718129358437397,ok,
leave_one_region_out,north_seattle,M0_static_stationary,UW_03,UW-03,UW,north_seattle,pre_event,1996-02-09,0,0.16084878047517842,ok,
leave_one_region_out,north_seattle,M0_static_stationary,UW_04,UW-04,UW,north_seattle,pre_event,1996-02-12,0,0.15558222323297563,ok,
leave_one_region_out,north_seattle,M1_groundwater,Discovery_Park_01,Discovery Park-01,Discovery Park,north_seattle,pre_event,1989-01-10,0,0.026116752758302744,ok,
leave_one_region_out,north_seattle,M1_groundwater,Elliott_Ave_01,Elliott Ave-01,Elliott Ave,north_seattle,pre_event,1997-08-13,0,0.29244643680163074,ok,
leave_one_region_out,north_seattle,M1_groundwater,Smith_Cove_01,Smith Cove-01,Smith Cove,north_seattle,pre_event,1997-11-14,0,0.1577597892768874,ok,
leave_one_region_out,north_seattle,M1_groundwater,Smith_Cove_02,Smith Cove-02,Smith Cove,north_seattle,pre_event,2000-02-11,0,0.1360603499958943,ok,
leave_one_region_out,north_seattle,M1_groundwater,UW_01,UW-01,UW,north_seattle,pre_event,1996-02-28,0,0.2426299655502327,ok,
leave_one_region_out,north_seattle,M1_groundwater,UW_02,UW-02,UW,north_seattle,pre_event,1996-02-29,0,0.2426299655502327,ok,
leave_one_region_out,north_seattle,M1_groundwater,UW_03,UW-03,UW,north_seattle,pre_event,1996-02-09,0,0.16737988621951153,ok,
leave_one_region_out,north_seattle,M1_groundwater,UW_04,UW-04,UW,north_seattle,pre_event,1996-02-12,0,0.16206548829221615,ok,
leave_one_region_out,north_seattle,M2_groundwater_gradation,Discovery_Park_01,Discovery Park-01,Discovery Park,north_seattle,pre_event,1989-01-10,0,0.030612020187471795,ok,
leave_one_region_out,north_seattle,M2_groundwater_gradation,Elliott_Ave_01,Elliott Ave-01,Elliott Ave,north_seattle,pre_event,1997-08-13,0,0.35502587000938934,ok,
leave_one_region_out,north_seattle,M2_groundwater_gradation,Smith_Cove_01,Smith Cove-01,Smith Cove,north_seattle,pre_event,1997-11-14,0,0.3416505584403036,ok,
leave_one_region_out,north_seattle,M2_groundwater_gradation,Smith_Cove_02,Smith Cove-02,Smith Cove,north_seattle,pre_event,2000-02-11,0,0.03928425652877753,ok,
leave_one_region_out,north_seattle,M2_groundwater_gradation,UW_01,UW-01,UW,north_seattle,pre_event,1996-02-28,0,0.1056408534721807,ok,
leave_one_region_out,north_seattle,M2_groundwater_gradation,UW_02,UW-02,UW,north_seattle,pre_event,1996-02-29,0,0.15053447101930234,ok,
leave_one_region_out,north_seattle,M2_groundwater_gradation,UW_03,UW-03,UW,north_seattle,pre_event,1996-02-09,0,0.060846887748940946,ok,
leave_one_region_out,north_seattle,M2_groundwater_gradation,UW_04,UW-04,UW,north_seattle,pre_event,1996-02-12,0,0.01364856758372254,ok,
leave_one_region_out,north_seattle,M3_random_field,Discovery_Park_01,Discovery Park-01,Discovery Park,north_seattle,pre_event,1989-01-10,0,0.027733140668111195,ok,
leave_one_region_out,north_seattle,M3_random_field,Elliott_Ave_01,Elliott Ave-01,Elliott Ave,north_seattle,pre_event,1997-08-13,0,0.3747386260488803,ok,
leave_one_region_out,north_seattle,M3_random_field,Smith_Cove_01,Smith Cove-01,Smith Cove,north_seattle,pre_event,1997-11-14,0,0.30067302064411305,ok,
leave_one_region_out,north_seattle,M3_random_field,Smith_Cove_02,Smith Cove-02,Smith Cove,north_seattle,pre_event,2000-02-11,0,0.03852553243405185,ok,
leave_one_region_out,north_seattle,M3_random_field,UW_01,UW-01,UW,north_seattle,pre_event,1996-02-28,0,0.14288979154255435,ok,
leave_one_region_out,north_seattle,M3_random_field,UW_02,UW-02,UW,north_seattle,pre_event,1996-02-29,0,0.18183456532424644,ok,
leave_one_region_out,north_seattle,M3_random_field,UW_03,UW-03,UW,north_seattle,pre_event,1996-02-09,0,0.07444534978155774,ok,
leave_one_region_out,north_seattle,M3_random_field,UW_04,UW-04,UW,north_seattle,pre_event,1996-02-12,0,0.015668852363502055,ok,
leave_one_region_out,eastside,M0_static_stationary,Bush_School_01,Bush School-01,Bush School,eastside,post_event,2002-06-11,0,0.0674771374765371,ok,
leave_one_region_out,eastside,M0_static_stationary,Factoria_01,Factoria-01,Factoria,eastside,pre_event,1979-02-08,0,0.03188778122350656,ok,
leave_one_region_out,eastside,M0_static_stationary,Issaquah_01,Issaquah-01,Issaquah,eastside,pre_event,1992-10-13,0,0.08719836804474859,ok,
leave_one_region_out,eastside,M1_groundwater,Bush_School_01,Bush School-01,Bush School,eastside,post_event,2002-06-11,0,0.06296126813365568,ok,
leave_one_region_out,eastside,M1_groundwater,Factoria_01,Factoria-01,Factoria,eastside,pre_event,1979-02-08,0,0.03547252552695696,ok,
leave_one_region_out,eastside,M1_groundwater,Issaquah_01,Issaquah-01,Issaquah,eastside,pre_event,1992-10-13,0,0.08695757579342782,ok,
leave_one_region_out,eastside,M2_groundwater_gradation,Bush_School_01,Bush School-01,Bush School,eastside,post_event,2002-06-11,0,0.051624608647646314,ok,
leave_one_region_out,eastside,M2_groundwater_gradation,Factoria_01,Factoria-01,Factoria,eastside,pre_event,1979-02-08,0,0.02517356346055806,ok,
leave_one_region_out,eastside,M2_groundwater_gradation,Issaquah_01,Issaquah-01,Issaquah,eastside,pre_event,1992-10-13,0,0.11518624513499363,ok,
leave_one_region_out,eastside,M3_random_field,Bush_School_01,Bush School-01,Bush School,eastside,post_event,2002-06-11,0,0.05210436129379369,ok,
leave_one_region_out,eastside,M3_random_field,Factoria_01,Factoria-01,Factoria,eastside,pre_event,1979-02-08,0,0.022083547162807526,ok,
leave_one_region_out,eastside,M3_random_field,Issaquah_01,Issaquah-01,Issaquah,eastside,pre_event,1992-10-13,0,0.13155793789284978,ok,
temporal_pre_train_post_test,post_event,M0_static_stationary,SODO_04,SODO-04,SODO,industrial_waterway,post_event,2003-03-24,1,0.6953474245189566,ok,
temporal_pre_train_post_test,post_event,M0_static_stationary,Bush_School_01,Bush School-01,Bush School,eastside,post_event,2002-06-11,0,0.06187820027649785,ok,
temporal_pre_train_post_test,post_event,M1_groundwater,SODO_04,SODO-04,SODO,industrial_waterway,post_event,2003-03-24,1,0.7081948624679032,ok,
temporal_pre_train_post_test,post_event,M1_groundwater,Bush_School_01,Bush School-01,Bush School,eastside,post_event,2002-06-11,0,0.060398451239373485,ok,
temporal_pre_train_post_test,post_event,M2_groundwater_gradation,SODO_04,SODO-04,SODO,industrial_waterway,post_event,2003-03-24,1,0.7968812523453812,ok,
temporal_pre_train_post_test,post_event,M2_groundwater_gradation,Bush_School_01,Bush School-01,Bush School,eastside,post_event,2002-06-11,0,0.05196937193305556,ok,
temporal_pre_train_post_test,post_event,M3_random_field,SODO_04,SODO-04,SODO,industrial_waterway,post_event,2003-03-24,1,0.8023303526752484,ok,
temporal_pre_train_post_test,post_event,M3_random_field,Bush_School_01,Bush School-01,Bush School,eastside,post_event,2002-06-11,0,0.05208437465238317,ok,
temporal_post_train_pre_test,pre_event,M0_static_stationary,Capitol_Lake_01,Capitol Lake-01,Capitol Lake,south_sound_or_green_river,pre_event,1995-12-18,1,,skipped_not_defensible_only_two_post_event_training_cases,
temporal_post_train_pre_test,pre_event,M0_static_stationary,SODO_01,SODO-01,SODO,industrial_waterway,pre_event,1995-01-17,1,,skipped_not_defensible_only_two_post_event_training_cases,
temporal_post_train_pre_test,pre_event,M0_static_stationary,Capitol_Lake_02,Capitol Lake-02,Capitol Lake,south_sound_or_green_river,pre_event,1995-12-18,1,,skipped_not_defensible_only_two_post_event_training_cases,
temporal_post_train_pre_test,pre_event,M0_static_stationary,Harbor_Island_01,Harbor Island-01,Harbor Island,industrial_waterway,pre_event,1999-03-09,1,,skipped_not_defensible_only_two_post_event_training_cases,
temporal_post_train_pre_test,pre_event,M0_static_stationary,Harbor_Island_02,Harbor Island-02,Harbor Island,industrial_waterway,pre_event,1997-07-19,1,,skipped_not_defensible_only_two_post_event_training_cases,
temporal_post_train_pre_test,pre_event,M0_static_stationary,SODO_02,SODO-02,SODO,industrial_waterway,pre_event,1992-02-24,1,,skipped_not_defensible_only_two_post_event_training_cases,
temporal_post_train_pre_test,pre_event,M0_static_stationary,SODO_03,SODO-03,SODO,industrial_waterway,pre_event,1987-07-27,1,,skipped_not_defensible_only_two_post_event_training_cases,
temporal_post_train_pre_test,pre_event,M0_static_stationary,Boeing_Field_01,Boeing Field-01,Boeing Field,industrial_waterway,pre_event,2000-03-31,1,,skipped_not_defensible_only_two_post_event_training_cases,
temporal_post_train_pre_test,pre_event,M0_static_stationary,Duwamish_01,Duwamish-01,Duwamish,industrial_waterway,pre_event,1990-05-06,0,,skipped_not_defensible_only_two_post_event_training_cases,
temporal_post_train_pre_test,pre_event,M0_static_stationary,Discovery_Park_01,Discovery Park-01,Discovery Park,north_seattle,pre_event,1989-01-10,0,,skipped_not_defensible_only_two_post_event_training_cases,
temporal_post_train_pre_test,pre_event,M0_static_stationary,Elliott_Ave_01,Elliott Ave-01,Elliott Ave,north_seattle,pre_event,1997-08-13,0,,skipped_not_defensible_only_two_post_event_training_cases,
temporal_post_train_pre_test,pre_event,M0_static_stationary,Smith_Cove_01,Smith Cove-01,Smith Cove,north_seattle,pre_event,1997-11-14,0,,skipped_not_defensible_only_two_post_event_training_cases,
temporal_post_train_pre_test,pre_event,M0_static_stationary,Smith_Cove_02,Smith Cove-02,Smith Cove,north_seattle,pre_event,2000-02-11,0,,skipped_not_defensible_only_two_post_event_training_cases,
temporal_post_train_pre_test,pre_event,M0_static_stationary,Emerald_Downs_01,Emerald Downs-01,Emerald Downs,south_sound_or_green_river,pre_event,1992-09-14,0,,skipped_not_defensible_only_two_post_event_training_cases,
temporal_post_train_pre_test,pre_event,M0_static_stationary,Factoria_01,Factoria-01,Factoria,eastside,pre_event,1979-02-08,0,,skipped_not_defensible_only_two_post_event_training_cases,
temporal_post_train_pre_test,pre_event,M0_static_stationary,UW_01,UW-01,UW,north_seattle,pre_event,1996-02-28,0,,skipped_not_defensible_only_two_post_event_training_cases,
temporal_post_train_pre_test,pre_event,M0_static_stationary,UW_02,UW-02,UW,north_seattle,pre_event,1996-02-29,0,,skipped_not_defensible_only_two_post_event_training_cases,
temporal_post_train_pre_test,pre_event,M0_static_stationary,UW_03,UW-03,UW,north_seattle,pre_event,1996-02-09,0,,skipped_not_defensible_only_two_post_event_training_cases,
temporal_post_train_pre_test,pre_event,M0_static_stationary,UW_04,UW-04,UW,north_seattle,pre_event,1996-02-12,0,,skipped_not_defensible_only_two_post_event_training_cases,
temporal_post_train_pre_test,pre_event,M0_static_stationary,Issaquah_01,Issaquah-01,Issaquah,eastside,pre_event,1992-10-13,0,,skipped_not_defensible_only_two_post_event_training_cases,
temporal_post_train_pre_test,pre_event,M0_static_stationary,Blair_Waterway_01,Blair Waterway-01,Blair Waterway,south_sound_or_green_river,pre_event,1981-02-09,0,,skipped_not_defensible_only_two_post_event_training_cases,
temporal_post_train_pre_test,pre_event,M0_static_stationary,Green_River_01,Green River-01,Green River,south_sound_or_green_river,pre_event,1978-11-01,0,,skipped_not_defensible_only_two_post_event_training_cases,
temporal_post_train_pre_test,pre_event,M1_groundwater,Capitol_Lake_01,Capitol Lake-01,Capitol Lake,south_sound_or_green_river,pre_event,1995-12-18,1,,skipped_not_defensible_only_two_post_event_training_cases,
temporal_post_train_pre_test,pre_event,M1_groundwater,SODO_01,SODO-01,SODO,industrial_waterway,pre_event,1995-01-17,1,,skipped_not_defensible_only_two_post_event_training_cases,
temporal_post_train_pre_test,pre_event,M1_groundwater,Capitol_Lake_02,Capitol Lake-02,Capitol Lake,south_sound_or_green_river,pre_event,1995-12-18,1,,skipped_not_defensible_only_two_post_event_training_cases,
temporal_post_train_pre_test,pre_event,M1_groundwater,Harbor_Island_01,Harbor Island-01,Harbor Island,industrial_waterway,pre_event,1999-03-09,1,,skipped_not_defensible_only_two_post_event_training_cases,
temporal_post_train_pre_test,pre_event,M1_groundwater,Harbor_Island_02,Harbor Island-02,Harbor Island,industrial_waterway,pre_event,1997-07-19,1,,skipped_not_defensible_only_two_post_event_training_cases,
temporal_post_train_pre_test,pre_event,M1_groundwater,SODO_02,SODO-02,SODO,industrial_waterway,pre_event,1992-02-24,1,,skipped_not_defensible_only_two_post_event_training_cases,
temporal_post_train_pre_test,pre_event,M1_groundwater,SODO_03,SODO-03,SODO,industrial_waterway,pre_event,1987-07-27,1,,skipped_not_defensible_only_two_post_event_training_cases,
temporal_post_train_pre_test,pre_event,M1_groundwater,Boeing_Field_01,Boeing Field-01,Boeing Field,industrial_waterway,pre_event,2000-03-31,1,,skipped_not_defensible_only_two_post_event_training_cases,
temporal_post_train_pre_test,pre_event,M1_groundwater,Duwamish_01,Duwamish-01,Duwamish,industrial_waterway,pre_event,1990-05-06,0,,skipped_not_defensible_only_two_post_event_training_cases,
temporal_post_train_pre_test,pre_event,M1_groundwater,Discovery_Park_01,Discovery Park-01,Discovery Park,north_seattle,pre_event,1989-01-10,0,,skipped_not_defensible_only_two_post_event_training_cases,
temporal_post_train_pre_test,pre_event,M1_groundwater,Elliott_Ave_01,Elliott Ave-01,Elliott Ave,north_seattle,pre_event,1997-08-13,0,,skipped_not_defensible_only_two_post_event_training_cases,
temporal_post_train_pre_test,pre_event,M1_groundwater,Smith_Cove_01,Smith Cove-01,Smith Cove,north_seattle,pre_event,1997-11-14,0,,skipped_not_defensible_only_two_post_event_training_cases,
temporal_post_train_pre_test,pre_event,M1_groundwater,Smith_Cove_02,Smith Cove-02,Smith Cove,north_seattle,pre_event,2000-02-11,0,,skipped_not_defensible_only_two_post_event_training_cases,
temporal_post_train_pre_test,pre_event,M1_groundwater,Emerald_Downs_01,Emerald Downs-01,Emerald Downs,south_sound_or_green_river,pre_event,1992-09-14,0,,skipped_not_defensible_only_two_post_event_training_cases,
temporal_post_train_pre_test,pre_event,M1_groundwater,Factoria_01,Factoria-01,Factoria,eastside,pre_event,1979-02-08,0,,skipped_not_defensible_only_two_post_event_training_cases,
temporal_post_train_pre_test,pre_event,M1_groundwater,UW_01,UW-01,UW,north_seattle,pre_event,1996-02-28,0,,skipped_not_defensible_only_two_post_event_training_cases,
temporal_post_train_pre_test,pre_event,M1_groundwater,UW_02,UW-02,UW,north_seattle,pre_event,1996-02-29,0,,skipped_not_defensible_only_two_post_event_training_cases,
temporal_post_train_pre_test,pre_event,M1_groundwater,UW_03,UW-03,UW,north_seattle,pre_event,1996-02-09,0,,skipped_not_defensible_only_two_post_event_training_cases,
temporal_post_train_pre_test,pre_event,M1_groundwater,UW_04,UW-04,UW,north_seattle,pre_event,1996-02-12,0,,skipped_not_defensible_only_two_post_event_training_cases,
temporal_post_train_pre_test,pre_event,M1_groundwater,Issaquah_01,Issaquah-01,Issaquah,eastside,pre_event,1992-10-13,0,,skipped_not_defensible_only_two_post_event_training_cases,
temporal_post_train_pre_test,pre_event,M1_groundwater,Blair_Waterway_01,Blair Waterway-01,Blair Waterway,south_sound_or_green_river,pre_event,1981-02-09,0,,skipped_not_defensible_only_two_post_event_training_cases,
temporal_post_train_pre_test,pre_event,M1_groundwater,Green_River_01,Green River-01,Green River,south_sound_or_green_river,pre_event,1978-11-01,0,,skipped_not_defensible_only_two_post_event_training_cases,
temporal_post_train_pre_test,pre_event,M2_groundwater_gradation,Capitol_Lake_01,Capitol Lake-01,Capitol Lake,south_sound_or_green_river,pre_event,1995-12-18,1,,skipped_not_defensible_only_two_post_event_training_cases,
temporal_post_train_pre_test,pre_event,M2_groundwater_gradation,SODO_01,SODO-01,SODO,industrial_waterway,pre_event,1995-01-17,1,,skipped_not_defensible_only_two_post_event_training_cases,
temporal_post_train_pre_test,pre_event,M2_groundwater_gradation,Capitol_Lake_02,Capitol Lake-02,Capitol Lake,south_sound_or_green_river,pre_event,1995-12-18,1,,skipped_not_defensible_only_two_post_event_training_cases,
temporal_post_train_pre_test,pre_event,M2_groundwater_gradation,Harbor_Island_01,Harbor Island-01,Harbor Island,industrial_waterway,pre_event,1999-03-09,1,,skipped_not_defensible_only_two_post_event_training_cases,
temporal_post_train_pre_test,pre_event,M2_groundwater_gradation,Harbor_Island_02,Harbor Island-02,Harbor Island,industrial_waterway,pre_event,1997-07-19,1,,skipped_not_defensible_only_two_post_event_training_cases,
temporal_post_train_pre_test,pre_event,M2_groundwater_gradation,SODO_02,SODO-02,SODO,industrial_waterway,pre_event,1992-02-24,1,,skipped_not_defensible_only_two_post_event_training_cases,
temporal_post_train_pre_test,pre_event,M2_groundwater_gradation,SODO_03,SODO-03,SODO,industrial_waterway,pre_event,1987-07-27,1,,skipped_not_defensible_only_two_post_event_training_cases,
temporal_post_train_pre_test,pre_event,M2_groundwater_gradation,Boeing_Field_01,Boeing Field-01,Boeing Field,industrial_waterway,pre_event,2000-03-31,1,,skipped_not_defensible_only_two_post_event_training_cases,
temporal_post_train_pre_test,pre_event,M2_groundwater_gradation,Duwamish_01,Duwamish-01,Duwamish,industrial_waterway,pre_event,1990-05-06,0,,skipped_not_defensible_only_two_post_event_training_cases,
temporal_post_train_pre_test,pre_event,M2_groundwater_gradation,Discovery_Park_01,Discovery Park-01,Discovery Park,north_seattle,pre_event,1989-01-10,0,,skipped_not_defensible_only_two_post_event_training_cases,
temporal_post_train_pre_test,pre_event,M2_groundwater_gradation,Elliott_Ave_01,Elliott Ave-01,Elliott Ave,north_seattle,pre_event,1997-08-13,0,,skipped_not_defensible_only_two_post_event_training_cases,
temporal_post_train_pre_test,pre_event,M2_groundwater_gradation,Smith_Cove_01,Smith Cove-01,Smith Cove,north_seattle,pre_event,1997-11-14,0,,skipped_not_defensible_only_two_post_event_training_cases,
temporal_post_train_pre_test,pre_event,M2_groundwater_gradation,Smith_Cove_02,Smith Cove-02,Smith Cove,north_seattle,pre_event,2000-02-11,0,,skipped_not_defensible_only_two_post_event_training_cases,
temporal_post_train_pre_test,pre_event,M2_groundwater_gradation,Emerald_Downs_01,Emerald Downs-01,Emerald Downs,south_sound_or_green_river,pre_event,1992-09-14,0,,skipped_not_defensible_only_two_post_event_training_cases,
temporal_post_train_pre_test,pre_event,M2_groundwater_gradation,Factoria_01,Factoria-01,Factoria,eastside,pre_event,1979-02-08,0,,skipped_not_defensible_only_two_post_event_training_cases,
temporal_post_train_pre_test,pre_event,M2_groundwater_gradation,UW_01,UW-01,UW,north_seattle,pre_event,1996-02-28,0,,skipped_not_defensible_only_two_post_event_training_cases,
temporal_post_train_pre_test,pre_event,M2_groundwater_gradation,UW_02,UW-02,UW,north_seattle,pre_event,1996-02-29,0,,skipped_not_defensible_only_two_post_event_training_cases,
temporal_post_train_pre_test,pre_event,M2_groundwater_gradation,UW_03,UW-03,UW,north_seattle,pre_event,1996-02-09,0,,skipped_not_defensible_only_two_post_event_training_cases,
temporal_post_train_pre_test,pre_event,M2_groundwater_gradation,UW_04,UW-04,UW,north_seattle,pre_event,1996-02-12,0,,skipped_not_defensible_only_two_post_event_training_cases,
temporal_post_train_pre_test,pre_event,M2_groundwater_gradation,Issaquah_01,Issaquah-01,Issaquah,eastside,pre_event,1992-10-13,0,,skipped_not_defensible_only_two_post_event_training_cases,
temporal_post_train_pre_test,pre_event,M2_groundwater_gradation,Blair_Waterway_01,Blair Waterway-01,Blair Waterway,south_sound_or_green_river,pre_event,1981-02-09,0,,skipped_not_defensible_only_two_post_event_training_cases,
temporal_post_train_pre_test,pre_event,M2_groundwater_gradation,Green_River_01,Green River-01,Green River,south_sound_or_green_river,pre_event,1978-11-01,0,,skipped_not_defensible_only_two_post_event_training_cases,
temporal_post_train_pre_test,pre_event,M3_random_field,Capitol_Lake_01,Capitol Lake-01,Capitol Lake,south_sound_or_green_river,pre_event,1995-12-18,1,,skipped_not_defensible_only_two_post_event_training_cases,
temporal_post_train_pre_test,pre_event,M3_random_field,SODO_01,SODO-01,SODO,industrial_waterway,pre_event,1995-01-17,1,,skipped_not_defensible_only_two_post_event_training_cases,
temporal_post_train_pre_test,pre_event,M3_random_field,Capitol_Lake_02,Capitol Lake-02,Capitol Lake,south_sound_or_green_river,pre_event,1995-12-18,1,,skipped_not_defensible_only_two_post_event_training_cases,
temporal_post_train_pre_test,pre_event,M3_random_field,Harbor_Island_01,Harbor Island-01,Harbor Island,industrial_waterway,pre_event,1999-03-09,1,,skipped_not_defensible_only_two_post_event_training_cases,
temporal_post_train_pre_test,pre_event,M3_random_field,Harbor_Island_02,Harbor Island-02,Harbor Island,industrial_waterway,pre_event,1997-07-19,1,,skipped_not_defensible_only_two_post_event_training_cases,
temporal_post_train_pre_test,pre_event,M3_random_field,SODO_02,SODO-02,SODO,industrial_waterway,pre_event,1992-02-24,1,,skipped_not_defensible_only_two_post_event_training_cases,
temporal_post_train_pre_test,pre_event,M3_random_field,SODO_03,SODO-03,SODO,industrial_waterway,pre_event,1987-07-27,1,,skipped_not_defensible_only_two_post_event_training_cases,
temporal_post_train_pre_test,pre_event,M3_random_field,Boeing_Field_01,Boeing Field-01,Boeing Field,industrial_waterway,pre_event,2000-03-31,1,,skipped_not_defensible_only_two_post_event_training_cases,
temporal_post_train_pre_test,pre_event,M3_random_field,Duwamish_01,Duwamish-01,Duwamish,industrial_waterway,pre_event,1990-05-06,0,,skipped_not_defensible_only_two_post_event_training_cases,
temporal_post_train_pre_test,pre_event,M3_random_field,Discovery_Park_01,Discovery Park-01,Discovery Park,north_seattle,pre_event,1989-01-10,0,,skipped_not_defensible_only_two_post_event_training_cases,
temporal_post_train_pre_test,pre_event,M3_random_field,Elliott_Ave_01,Elliott Ave-01,Elliott Ave,north_seattle,pre_event,1997-08-13,0,,skipped_not_defensible_only_two_post_event_training_cases,
temporal_post_train_pre_test,pre_event,M3_random_field,Smith_Cove_01,Smith Cove-01,Smith Cove,north_seattle,pre_event,1997-11-14,0,,skipped_not_defensible_only_two_post_event_training_cases,
temporal_post_train_pre_test,pre_event,M3_random_field,Smith_Cove_02,Smith Cove-02,Smith Cove,north_seattle,pre_event,2000-02-11,0,,skipped_not_defensible_only_two_post_event_training_cases,
temporal_post_train_pre_test,pre_event,M3_random_field,Emerald_Downs_01,Emerald Downs-01,Emerald Downs,south_sound_or_green_river,pre_event,1992-09-14,0,,skipped_not_defensible_only_two_post_event_training_cases,
temporal_post_train_pre_test,pre_event,M3_random_field,Factoria_01,Factoria-01,Factoria,eastside,pre_event,1979-02-08,0,,skipped_not_defensible_only_two_post_event_training_cases,
temporal_post_train_pre_test,pre_event,M3_random_field,UW_01,UW-01,UW,north_seattle,pre_event,1996-02-28,0,,skipped_not_defensible_only_two_post_event_training_cases,
temporal_post_train_pre_test,pre_event,M3_random_field,UW_02,UW-02,UW,north_seattle,pre_event,1996-02-29,0,,skipped_not_defensible_only_two_post_event_training_cases,
temporal_post_train_pre_test,pre_event,M3_random_field,UW_03,UW-03,UW,north_seattle,pre_event,1996-02-09,0,,skipped_not_defensible_only_two_post_event_training_cases,
temporal_post_train_pre_test,pre_event,M3_random_field,UW_04,UW-04,UW,north_seattle,pre_event,1996-02-12,0,,skipped_not_defensible_only_two_post_event_training_cases,
temporal_post_train_pre_test,pre_event,M3_random_field,Issaquah_01,Issaquah-01,Issaquah,eastside,pre_event,1992-10-13,0,,skipped_not_defensible_only_two_post_event_training_cases,
temporal_post_train_pre_test,pre_event,M3_random_field,Blair_Waterway_01,Blair Waterway-01,Blair Waterway,south_sound_or_green_river,pre_event,1981-02-09,0,,skipped_not_defensible_only_two_post_event_training_cases,
temporal_post_train_pre_test,pre_event,M3_random_field,Green_River_01,Green River-01,Green River,south_sound_or_green_river,pre_event,1978-11-01,0,,skipped_not_defensible_only_two_post_event_training_cases,
nested_family_cv_select_by_inner_brier,Blair Waterway,M2_groundwater_gradation,Blair_Waterway_01,Blair Waterway-01,Blair Waterway,south_sound_or_green_river,pre_event,1981-02-09,0,0.0068815026761963214,ok,M2_groundwater_gradation
nested_family_cv_select_by_inner_brier,Boeing Field,M2_groundwater_gradation,Boeing_Field_01,Boeing Field-01,Boeing Field,industrial_waterway,pre_event,2000-03-31,1,0.7167660494380677,ok,M2_groundwater_gradation
nested_family_cv_select_by_inner_brier,Bush School,M2_groundwater_gradation,Bush_School_01,Bush School-01,Bush School,eastside,post_event,2002-06-11,0,0.049126571858351786,ok,M2_groundwater_gradation
nested_family_cv_select_by_inner_brier,Capitol Lake,M2_groundwater_gradation,Capitol_Lake_01,Capitol Lake-01,Capitol Lake,south_sound_or_green_river,pre_event,1995-12-18,1,0.9171149885601029,ok,M2_groundwater_gradation
nested_family_cv_select_by_inner_brier,Capitol Lake,M2_groundwater_gradation,Capitol_Lake_02,Capitol Lake-02,Capitol Lake,south_sound_or_green_river,pre_event,1995-12-18,1,0.9087852318030551,ok,M2_groundwater_gradation
nested_family_cv_select_by_inner_brier,Discovery Park,M2_groundwater_gradation,Discovery_Park_01,Discovery Park-01,Discovery Park,north_seattle,pre_event,1989-01-10,0,0.00993822880892196,ok,M2_groundwater_gradation
nested_family_cv_select_by_inner_brier,Duwamish,M2_groundwater_gradation,Duwamish_01,Duwamish-01,Duwamish,industrial_waterway,pre_event,1990-05-06,0,0.4310033408879197,ok,M2_groundwater_gradation
nested_family_cv_select_by_inner_brier,Elliott Ave,M2_groundwater_gradation,Elliott_Ave_01,Elliott Ave-01,Elliott Ave,north_seattle,pre_event,1997-08-13,0,0.2389936905444578,ok,M2_groundwater_gradation
nested_family_cv_select_by_inner_brier,Emerald Downs,M2_groundwater_gradation,Emerald_Downs_01,Emerald Downs-01,Emerald Downs,south_sound_or_green_river,pre_event,1992-09-14,0,0.17378972124766856,ok,M2_groundwater_gradation
nested_family_cv_select_by_inner_brier,Factoria,M2_groundwater_gradation,Factoria_01,Factoria-01,Factoria,eastside,pre_event,1979-02-08,0,0.02042977696675729,ok,M2_groundwater_gradation
nested_family_cv_select_by_inner_brier,Green River,M2_groundwater_gradation,Green_River_01,Green River-01,Green River,south_sound_or_green_river,pre_event,1978-11-01,0,0.20048988356672107,ok,M2_groundwater_gradation
nested_family_cv_select_by_inner_brier,Harbor Island,M2_groundwater_gradation,Harbor_Island_01,Harbor Island-01,Harbor Island,industrial_waterway,pre_event,1999-03-09,1,0.9215819116848701,ok,M2_groundwater_gradation
nested_family_cv_select_by_inner_brier,Harbor Island,M2_groundwater_gradation,Harbor_Island_02,Harbor Island-02,Harbor Island,industrial_waterway,pre_event,1997-07-19,1,0.9640181155892624,ok,M2_groundwater_gradation
nested_family_cv_select_by_inner_brier,Issaquah,M2_groundwater_gradation,Issaquah_01,Issaquah-01,Issaquah,eastside,pre_event,1992-10-13,0,0.1129385341530235,ok,M2_groundwater_gradation
nested_family_cv_select_by_inner_brier,SODO,M2_groundwater_gradation,SODO_01,SODO-01,SODO,industrial_waterway,pre_event,1995-01-17,1,0.6318389714116152,ok,M2_groundwater_gradation
nested_family_cv_select_by_inner_brier,SODO,M2_groundwater_gradation,SODO_02,SODO-02,SODO,industrial_waterway,pre_event,1992-02-24,1,0.8787556828166048,ok,M2_groundwater_gradation
nested_family_cv_select_by_inner_brier,SODO,M2_groundwater_gradation,SODO_03,SODO-03,SODO,industrial_waterway,pre_event,1987-07-27,1,0.3925761235275525,ok,M2_groundwater_gradation
nested_family_cv_select_by_inner_brier,SODO,M2_groundwater_gradation,SODO_04,SODO-04,SODO,industrial_waterway,post_event,2003-03-24,1,0.7254470916235367,ok,M2_groundwater_gradation
nested_family_cv_select_by_inner_brier,Smith Cove,M2_groundwater_gradation,Smith_Cove_01,Smith Cove-01,Smith Cove,north_seattle,pre_event,1997-11-14,0,0.23260753908366374,ok,M2_groundwater_gradation
nested_family_cv_select_by_inner_brier,Smith Cove,M2_groundwater_gradation,Smith_Cove_02,Smith Cove-02,Smith Cove,north_seattle,pre_event,2000-02-11,0,0.02681835108693885,ok,M2_groundwater_gradation
nested_family_cv_select_by_inner_brier,UW,M2_groundwater_gradation,UW_01,UW-01,UW,north_seattle,pre_event,1996-02-28,0,0.07146522637919961,ok,M2_groundwater_gradation
nested_family_cv_select_by_inner_brier,UW,M2_groundwater_gradation,UW_02,UW-02,UW,north_seattle,pre_event,1996-02-29,0,0.11711422386946216,ok,M2_groundwater_gradation
nested_family_cv_select_by_inner_brier,UW,M2_groundwater_gradation,UW_03,UW-03,UW,north_seattle,pre_event,1996-02-09,0,0.04497766860605697,ok,M2_groundwater_gradation
nested_family_cv_select_by_inner_brier,UW,M2_groundwater_gradation,UW_04,UW-04,UW,north_seattle,pre_event,1996-02-12,0,0.011770133207550026,ok,M2_groundwater_gradation
